seller_img_id,img_path,product_id
0,gallery/ambitious-tough-teal-from-asgard.jpg,5019
1,gallery/fine-shrewd-oarfish-of-genius.jpg,5008
2,gallery/bold-nickel-gecko-of-reputation.jpg,9
3,gallery/marvellous-uber-boobook-of-lightning.jpg,3589
4,gallery/bouncy-economic-agama-of-honeydew.jpg,3656
5,gallery/enigmatic-masked-dragonfly-of-might.jpg,4968
6,gallery/muscular-rose-booby-of-examination.jpg,22
7,gallery/intelligent-swallow-of-incredible-aurora.jpg,5179
8,gallery/famous-thankful-partridge-of-control.jpg,3505
9,gallery/wooden-slim-penguin-of-defense.jpg,4952
10,gallery/benevolent-roaring-whale-of-awe.jpg,5178
11,gallery/abiding-debonair-viper-of-downpour.jpg,5217
12,gallery/refreshing-amethyst-dolphin-of-effort.jpg,5071
13,gallery/dramatic-olivine-silkworm-of-radiance.jpg,3659
14,gallery/happy-silver-agouti-of-ecstasy.jpg,3673
15,gallery/meteoric-bright-cassowary-of-bliss.jpg,3473
16,gallery/first-clay-mule-of-aurora.jpg,5118
17,gallery/burrowing-carmine-shrew-of-growth.jpg,4969
18,gallery/loose-fluffy-pelican-of-support.jpg,76
19,gallery/fearless-cherry-sawfly-of-sunshine.jpg,3482
20,gallery/glaring-masterful-polecat-of-promotion.jpg,3702
21,gallery/straight-nimble-elephant-of-aptitude.jpg,5125
22,gallery/unique-sweet-hyena-of-control.jpg,5129
23,gallery/tall-modest-chupacabra-of-domination.jpg,5353
24,gallery/flawless-orchid-pig-of-tranquility.jpg,3511
25,gallery/perky-mutant-dachshund-of-witchcraft.jpg,5330
26,gallery/nimble-hummingbird-of-abstract-defiance.jpg,3498
27,gallery/radiant-tuscan-gazelle-of-fragrance.jpg,5214
28,gallery/translucent-silky-sidewinder-of-fascination.jpg,68
29,gallery/mellow-cuddly-pig-of-stamina.jpg,5279
30,gallery/jumping-holistic-dove-of-resistance.jpg,5141
31,gallery/didactic-fat-leopard-of-politeness.jpg,5187
32,gallery/rainbow-proficient-dragonfly-of-attraction.jpg,3569
33,gallery/poetic-fair-quail-of-upgrade.jpg,3652
34,gallery/zealous-prophetic-manatee-from-arcadia.jpg,3594
35,gallery/complex-zealous-reindeer-of-fantasy.jpg,5082
36,gallery/stylish-dynamic-basilisk-of-grandeur.jpg,3605
37,gallery/delicate-steel-lizard-of-painting.jpg,36
38,gallery/kickass-auspicious-lori-of-persistence.jpg,3674
39,gallery/sceptical-cautious-ibex-of-radiance.jpg,28
40,gallery/righteous-quiet-ocelot-of-tornado.jpg,5031
41,gallery/shaggy-petrel-of-mysterious-calibration.jpg,5304
42,gallery/quirky-hasty-teal-of-destiny.jpg,3467
43,gallery/translucent-quiet-raptor-of-joy.jpg,5350
44,gallery/convivial-acrid-chicken-of-love.jpg,5022
45,gallery/woodoo-tidy-viper-of-tenacity.jpg,4967
46,gallery/airborne-skinny-herring-of-action.jpg,4991
47,gallery/nonchalant-sandy-baboon-of-saturation.jpg,5014
48,gallery/antique-papaya-donkey-of-security.jpg,3553
49,gallery/aloof-precise-cat-of-fury.jpg,5323
50,gallery/quantum-hairy-donkey-of-courage.jpg,14
51,gallery/naughty-amazing-dragon-of-potency.jpg,5024
52,gallery/inquisitive-passionate-tody-of-fruition.jpg,5075
53,gallery/rational-just-bullmastiff-from-eldorado.jpg,3598
54,gallery/delicate-merry-marten-of-emphasis.jpg,5090
55,gallery/stimulating-careful-agama-from-camelot.jpg,5316
56,gallery/urban-original-malamute-of-revolution.jpg,5321
57,gallery/deft-original-gibbon-of-blizzard.jpg,5316
58,gallery/tentacled-lyrical-raptor-of-beauty.jpg,4978
59,gallery/fast-wapiti-of-unearthly-patience.jpg,3624
60,gallery/certain-hilarious-beaver-of-flowers.jpg,4992
61,gallery/mindful-transparent-penguin-of-prosperity.jpg,3583
62,gallery/quaint-tangerine-penguin-from-hyperborea.jpg,5250
63,gallery/archetypal-magnetic-chachalaca-of-awe.jpg,3703
64,gallery/convivial-ubiquitous-serval-of-tranquility.jpg,38
65,gallery/imported-bug-of-immense-superiority.jpg,5085
66,gallery/olive-dodo-of-nonconcrete-aurora.jpg,3558
67,gallery/alluring-quiet-peacock-of-renovation.jpg,5008
68,gallery/spiritual-imposing-snail-of-potency.jpg,3559
69,gallery/cautious-adamant-termite-of-diversity.jpg,3590
70,gallery/discreet-strict-reindeer-of-domination.jpg,4990
71,gallery/hypersonic-speedy-nyala-of-judgment.jpg,5162
72,gallery/optimal-russet-clam-of-atheism.jpg,5020
73,gallery/functional-urban-panda-from-hyperborea.jpg,3701
74,gallery/nocturnal-mule-of-therapeutic-proficiency.jpg,5230
75,gallery/impartial-almond-saluki-of-tempest.jpg,5296
76,gallery/piquant-impossible-tarsier-of-anger.jpg,3686
77,gallery/industrious-garnet-guppy-from-pluto.jpg,5283
78,gallery/tidy-mammoth-of-classic-success.jpg,5025
79,gallery/big-nifty-falcon-of-acceptance.jpg,3542
80,gallery/uncovered-utopian-whale-of-love.jpg,5180
81,gallery/visionary-qualified-starling-of-wind.jpg,5326
82,gallery/loose-manatee-of-astonishing-karma.jpg,3470
83,gallery/uncovered-coral-dormouse-of-energy.jpg,5207
84,gallery/diligent-imaginary-marten-of-foundation.jpg,5031
85,gallery/wild-daft-lorikeet-of-infinity.jpg,5269
86,gallery/invisible-brainy-earwig-of-amplitude.jpg,5325
87,gallery/gigantic-glaring-ammonite-of-lightning.jpg,3535
88,gallery/fresh-smiling-slug-of-hail.jpg,48
89,gallery/lyrical-rare-rottweiler-of-speed.jpg,5061
90,gallery/hypnotic-funky-bustard-of-imagination.jpg,5237
91,gallery/congenial-diligent-galago-of-exercise.jpg,5059
92,gallery/free-ludicrous-sparrow-of-satiation.jpg,3696
93,gallery/big-quantum-rabbit-of-acumen.jpg,5003
94,gallery/bronze-koala-of-striking-gallantry.jpg,5254
95,gallery/vigorous-flawless-lyrebird-from-asgard.jpg,5109
96,gallery/dashing-golden-weasel-of-sorcery.jpg,45
97,gallery/loutish-gabby-dalmatian-of-promotion.jpg,5176
98,gallery/weightless-strict-wildebeest-of-politeness.jpg,3575
99,gallery/voracious-masked-bird-of-perfection.jpg,3660
100,gallery/crystal-ginger-dodo-of-intensity.jpg,5046
101,gallery/big-bittern-of-fortunate-security.jpg,15
102,gallery/terrestrial-bulky-hummingbird-of-economy.jpg,5047
103,gallery/loud-rugged-leech-of-pluck.jpg,3678
104,gallery/discreet-opalescent-bee-of-acceptance.jpg,3662
105,gallery/observant-pronghorn-of-major-realization.jpg,3642
106,gallery/tireless-hungry-nightingale-of-pizza.jpg,68
107,gallery/quiet-fragrant-mussel-of-anger.jpg,5335
108,gallery/resourceful-industrious-sturgeon-of-swiftness.jpg,5185
109,gallery/watchful-artichoke-walrus-of-growth.jpg,3654
110,gallery/orthodox-succinct-chachalaca-of-freedom.jpg,3616
111,gallery/archetypal-antique-cougar-of-assurance.jpg,3533
112,gallery/meteoric-skylark-of-serious-expression.jpg,5023
113,gallery/funky-eggplant-seagull-of-bliss.jpg,3681
114,gallery/psychedelic-important-bullfrog-of-dignity.jpg,5257
115,gallery/quantum-tuscan-partridge-from-valhalla.jpg,5113
116,gallery/accelerated-enthusiastic-pegasus-of-attraction.jpg,5051
117,gallery/stalwart-orchid-mastodon-of-perspective.jpg,5024
118,gallery/able-smoky-echidna-of-discourse.jpg,54
119,gallery/kickass-bullfinch-of-eternal-defiance.jpg,3492
120,gallery/incredible-important-boa-of-teaching.jpg,3536
121,gallery/meticulous-platinum-pig-of-admiration.jpg,3469
122,gallery/clay-wren-of-unmatched-finesse.jpg,67
123,gallery/prudent-straight-wallaby-of-criticism.jpg,5225
124,gallery/spectral-onyx-cheetah-of-agreement.jpg,26
125,gallery/dashing-hyrax-of-fascinating-authority.jpg,3568
126,gallery/intelligent-colorful-lemming-of-memory.jpg,5337
127,gallery/outgoing-graceful-oyster-of-development.jpg,72
128,gallery/graceful-taupe-seal-of-beauty.jpg,5162
129,gallery/important-resolute-echidna-of-glee.jpg,4981
130,gallery/radical-origami-bonobo-of-current.jpg,5300
131,gallery/nice-rustling-guppy-of-spirit.jpg,5324
132,gallery/serious-cute-cormorant-of-focus.jpg,3497
133,gallery/majestic-berserk-ocelot-of-sunshine.jpg,5335
134,gallery/perky-arrogant-centipede-of-witchcraft.jpg,3495
135,gallery/discerning-caracal-of-amazing-tact.jpg,3530
136,gallery/tiny-aardwark-of-utter-pluck.jpg,5178
137,gallery/radical-mysterious-toucanet-of-debate.jpg,5061
138,gallery/steady-manipulative-oxpecker-of-painting.jpg,56
139,gallery/divergent-bipedal-marten-from-venus.jpg,3637
140,gallery/adorable-pygmy-poodle-of-variation.jpg,5323
141,gallery/devious-agouti-of-exotic-pleasure.jpg,49
142,gallery/dainty-stork-of-hypothetical-health.jpg,5008
143,gallery/prehistoric-proud-rat-of-pluck.jpg,5082
144,gallery/sloppy-axiomatic-marten-of-development.jpg,5141
145,gallery/fluorescent-competent-terrier-of-merriment.jpg,5266
146,gallery/innocent-thick-chupacabra-of-painting.jpg,3491
147,gallery/merciful-unique-moose-of-spirit.jpg,5080
148,gallery/angelic-modest-giraffe-of-promotion.jpg,5261
149,gallery/imperial-glorious-bullmastiff-of-philosophy.jpg,3547
150,gallery/spirited-refined-porpoise-of-glamour.jpg,3600
151,gallery/subtle-laughing-earwig-of-sufficiency.jpg,5001
152,gallery/berserk-jade-poodle-of-enhancement.jpg,5179
153,gallery/alluring-spirited-shrew-of-karma.jpg,5053
154,gallery/sassy-attentive-elk-of-lightning.jpg,5158
155,gallery/aquatic-brainy-narwhal-from-asgard.jpg,5137
156,gallery/mighty-catfish-of-impossible-protection.jpg,3552
157,gallery/elastic-resourceful-bear-of-acumen.jpg,3582
158,gallery/handsome-umber-lobster-of-admiration.jpg,3567
159,gallery/knowing-offbeat-turaco-of-adventure.jpg,5303
160,gallery/functional-magic-lion-from-nibiru.jpg,3593
161,gallery/gregarious-tested-spaniel-of-speed.jpg,3606
162,gallery/smart-amazing-antelope-of-typhoon.jpg,4951
163,gallery/optimal-spiffy-butterfly-of-relaxation.jpg,5159
164,gallery/famous-azure-sturgeon-of-swiftness.jpg,5315
165,gallery/quizzical-accomplished-doberman-of-emphasis.jpg,5027
166,gallery/vigilant-jumping-salamander-of-might.jpg,3669
167,gallery/statuesque-potoo-of-infinite-luck.jpg,5261
168,gallery/alluring-vigilant-kingfisher-of-variation.jpg,5134
169,gallery/fresh-crafty-aardwolf-of-devotion.jpg,5250
170,gallery/nondescript-agile-kestrel-of-defense.jpg,3509
171,gallery/curvy-elastic-crow-of-enterprise.jpg,5140
172,gallery/independent-nickel-rattlesnake-of-authority.jpg,4975
173,gallery/brilliant-exotic-sloth-of-correction.jpg,5036
174,gallery/radical-warping-dugong-of-sympathy.jpg,35
175,gallery/funky-sepia-pudu-of-emphasis.jpg,19
176,gallery/magnificent-cheerful-labrador-of-bliss.jpg,3528
177,gallery/quirky-tungsten-clam-of-penetration.jpg,3572
178,gallery/aboriginal-organic-sturgeon-of-fury.jpg,3696
179,gallery/holistic-whimsical-rottweiler-of-apotheosis.jpg,3594
180,gallery/colorful-emerald-cassowary-of-bliss.jpg,3540
181,gallery/sincere-successful-mongoose-of-opportunity.jpg,5185
182,gallery/benevolent-nano-kagu-of-mastery.jpg,5259
183,gallery/sparkling-lumpy-wolverine-of-excitement.jpg,3533
184,gallery/colossal-solemn-mole-of-adventure.jpg,5035
185,gallery/quick-tourmaline-wallaby-of-progress.jpg,3464
186,gallery/dexterous-woodoo-pillbug-of-opportunity.jpg,41
187,gallery/devious-military-gerbil-of-swiftness.jpg,3566
188,gallery/innocent-hysterical-panther-of-tolerance.jpg,5230
189,gallery/garrulous-spectacular-porcupine-of-action.jpg,5020
190,gallery/prompt-aquamarine-labrador-of-expertise.jpg,3661
191,gallery/versatile-furry-ostrich-from-jupiter.jpg,3607
192,gallery/sensible-hasty-binturong-of-potency.jpg,5192
193,gallery/auspicious-poetic-crane-of-elegance.jpg,5196
194,gallery/blazing-prophetic-toucan-of-enthusiasm.jpg,5060
195,gallery/electric-military-ocelot-of-action.jpg,3527
196,gallery/spotted-turkey-of-sheer-performance.jpg,3673
197,gallery/calm-real-dinosaur-of-justice.jpg,5038
198,gallery/cerulean-doberman-of-interesting-maturity.jpg,5301
199,gallery/messy-quirky-malamute-of-philosophy.jpg,5023
200,gallery/successful-evasive-moose-of-painting.jpg,5151
201,gallery/enlightened-fanatic-lori-of-luck.jpg,11
202,gallery/scrupulous-silky-jaguarundi-of-speed.jpg,5235
203,gallery/portable-athletic-porpoise-of-atheism.jpg,5230
204,gallery/polar-ladybug-of-incredible-discourse.jpg,4985
205,gallery/loud-eminent-elk-of-drizzle.jpg,42
206,gallery/tiny-economic-malamute-of-peace.jpg,3545
207,gallery/nebulous-precious-pigeon-from-venus.jpg,3592
208,gallery/crouching-eager-ibis-of-security.jpg,3613
209,gallery/precise-silent-cuckoo-of-speed.jpg,5215
210,gallery/impetuous-pristine-panther-of-cubism.jpg,5350
211,gallery/sticky-saluki-of-wonderful-protection.jpg,3460
212,gallery/efficient-invaluable-llama-of-vigor.jpg,5314
213,gallery/inquisitive-fair-mantis-of-trust.jpg,5151
214,gallery/inventive-sapphire-cheetah-of-brotherhood.jpg,3536
215,gallery/spectral-glaring-wapiti-of-speed.jpg,4
216,gallery/prompt-dainty-bear-of-tornado.jpg,36
217,gallery/incredible-ambitious-curassow-of-wind.jpg,3621
218,gallery/busy-wine-mouse-from-betelgeuse.jpg,4
219,gallery/glistening-loutish-gopher-of-attraction.jpg,5110
220,gallery/spicy-enigmatic-waxbill-of-sufficiency.jpg,3
221,gallery/archetypal-chubby-foxhound-from-nibiru.jpg,5111
222,gallery/sparkling-resilient-mouse-of-camouflage.jpg,5207
223,gallery/transparent-wealthy-booby-of-merriment.jpg,3488
224,gallery/poised-beluga-of-eminent-conversion.jpg,5246
225,gallery/funny-winged-aardwark-of-action.jpg,5327
226,gallery/secret-holistic-ape-of-superiority.jpg,5122
227,gallery/shrewd-ultraviolet-piculet-of-engineering.jpg,35
228,gallery/succinct-masterful-bird-of-progress.jpg,3556
229,gallery/precise-hospitable-scorpion-of-contentment.jpg,5179
230,gallery/flawless-smart-koel-of-might.jpg,3545
231,gallery/authentic-dragon-of-premium-revolution.jpg,5080
232,gallery/upbeat-hidden-dogfish-of-fury.jpg,3642
233,gallery/azure-ibex-of-fantastic-imagination.jpg,5144
234,gallery/ancient-encouraging-lemur-of-renovation.jpg,5230
235,gallery/dazzling-sturdy-goose-of-imagination.jpg,3641
236,gallery/true-horned-auk-of-memory.jpg,5148
237,gallery/little-refreshing-spaniel-of-genius.jpg,5213
238,gallery/little-vengeful-mongoose-from-tartarus.jpg,5101
239,gallery/lively-messy-lion-of-sympathy.jpg,4997
240,gallery/flawless-khaki-walrus-of-abundance.jpg,5224
241,gallery/didactic-real-fox-of-excitement.jpg,5067
242,gallery/opalescent-polite-dingo-of-downpour.jpg,3479
243,gallery/optimal-just-pogona-of-agreement.jpg,3462
244,gallery/phenomenal-illegal-impala-of-imagination.jpg,74
245,gallery/wondrous-kickass-millipede-of-abundance.jpg,3557
246,gallery/daft-mink-of-majestic-superiority.jpg,3558
247,gallery/strict-translucent-sheep-from-lemuria.jpg,5326
248,gallery/gainful-vehement-tiger-of-radiance.jpg,3619
249,gallery/bright-strange-gibbon-of-psychology.jpg,3704
250,gallery/daffodil-kangaroo-of-undeniable-recreation.jpg,30
251,gallery/natural-demonic-dogfish-of-amplitude.jpg,5353
252,gallery/tentacled-axiomatic-mussel-of-health.jpg,5078
253,gallery/fierce-ultramarine-wildcat-of-blizzard.jpg,3564
254,gallery/busy-aspiring-oryx-of-peace.jpg,5019
255,gallery/sophisticated-white-orangutan-of-youth.jpg,5154
256,gallery/radiant-pastoral-baboon-from-sirius.jpg,3695
257,gallery/elite-cute-walrus-from-valhalla.jpg,3555
258,gallery/straight-nimble-bobcat-of-passion.jpg,5103
259,gallery/psychedelic-fractal-salmon-of-engineering.jpg,5351
260,gallery/funny-laughing-avocet-of-effort.jpg,27
261,gallery/whimsical-vivid-cormorant-of-anger.jpg,3601
262,gallery/unyielding-caribou-of-hypothetical-wonder.jpg,24
263,gallery/ethereal-fearless-tortoise-of-variation.jpg,5187
264,gallery/tireless-myrtle-wildcat-from-saturn.jpg,5274
265,gallery/tall-abstract-dingo-of-refinement.jpg,5175
266,gallery/gifted-icy-rottweiler-of-snow.jpg,5196
267,gallery/stalwart-inquisitive-binturong-of-attack.jpg,3612
268,gallery/scrupulous-straight-parrot-of-attraction.jpg,3551
269,gallery/psychedelic-nondescript-salamander-of-nirvana.jpg,5264
270,gallery/translucent-buffalo-of-serious-aurora.jpg,5068
271,gallery/honest-adept-mantis-of-perspective.jpg,5316
272,gallery/impossible-artichoke-wolf-from-eldorado.jpg,3504
273,gallery/optimal-meteoric-dove-of-radiance.jpg,18
274,gallery/determined-light-marmot-of-examination.jpg,5061
275,gallery/rousing-eminent-mole-of-opportunity.jpg,3680
276,gallery/efficient-sincere-tuatara-of-revolution.jpg,12
277,gallery/rose-bird-of-majestic-purring.jpg,3543
278,gallery/cautious-ludicrous-pig-of-poetry.jpg,72
279,gallery/little-poetic-tuna-of-support.jpg,3636
280,gallery/benevolent-strict-elephant-of-excellence.jpg,3480
281,gallery/cooperative-mahogany-parakeet-of-glamour.jpg,3597
282,gallery/great-fierce-stallion-of-action.jpg,5322
283,gallery/active-jade-hawk-of-radiance.jpg,3541
284,gallery/tomato-bloodhound-of-science.jpg,3640
285,gallery/helpful-mutant-dalmatian-from-vega.jpg,5196
286,gallery/handsome-flat-sawfly-of-merriment.jpg,5135
287,gallery/daring-seal-of-astonishing-prowess.jpg,5094
288,gallery/spotted-chicken-of-impressive-economy.jpg,3689
289,gallery/tall-adventurous-meerkat-of-prestige.jpg,5266
290,gallery/debonair-tuscan-toad-of-foundation.jpg,5198
291,gallery/honest-resourceful-quoll-of-acumen.jpg,5180
292,gallery/encouraging-notorious-shrew-of-flowers.jpg,3682
293,gallery/swinging-puzzling-orangutan-of-witchcraft.jpg,0
294,gallery/hidden-omniscient-albatross-of-glory.jpg,5329
295,gallery/active-wasp-of-awesome-tempest.jpg,3640
296,gallery/stereotyped-vivacious-starling-of-warranty.jpg,4997
297,gallery/mottled-lovely-viper-of-coffee.jpg,3512
298,gallery/therapeutic-elegant-flounder-of-plenty.jpg,5302
299,gallery/aspiring-beluga-of-pragmatic-music.jpg,3555
300,gallery/inventive-brainy-beluga-of-ecstasy.jpg,5126
301,gallery/quixotic-turquoise-raptor-of-brotherhood.jpg,5095
302,gallery/flawless-brawny-mastodon-of-potency.jpg,3493
303,gallery/grinning-glossy-turtle-of-youth.jpg,3578
304,gallery/nocturnal-adventurous-dodo-of-realization.jpg,5257
305,gallery/pompous-eccentric-pronghorn-of-triumph.jpg,29
306,gallery/boisterous-hog-of-fortunate-agility.jpg,5191
307,gallery/delightful-annoying-jackrabbit-of-opportunity.jpg,5241
308,gallery/nice-shaggy-octopus-of-tolerance.jpg,5258
309,gallery/xanthic-malkoha-of-ultimate-engineering.jpg,5059
310,gallery/thundering-meek-crocodile-of-anger.jpg,3697
311,gallery/sassy-adaptable-ringtail-of-politeness.jpg,3461
312,gallery/hairy-glittering-lemur-of-tempering.jpg,5022
313,gallery/expert-fine-asp-of-love.jpg,5189
314,gallery/gentle-ebony-cobra-of-pluck.jpg,3556
315,gallery/delectable-pistachio-peccary-of-authority.jpg,5231
316,gallery/dexterous-spicy-pogona-of-imagination.jpg,20
317,gallery/friendly-peach-bug-of-pizza.jpg,5073
318,gallery/military-shiny-cat-of-bloom.jpg,3553
319,gallery/unbiased-cerulean-caiman-of-glee.jpg,5263
320,gallery/outstanding-encouraging-mongoose-of-stamina.jpg,3486
321,gallery/defiant-crazy-jellyfish-of-music.jpg,5292
322,gallery/steadfast-divergent-peacock-of-expertise.jpg,3657
323,gallery/arrogant-loud-turtle-of-purring.jpg,5248
324,gallery/marigold-manul-of-elevation.jpg,3580
325,gallery/wild-wealthy-shrew-of-courtesy.jpg,5188
326,gallery/brawny-amazing-bug-of-adventure.jpg,5039
327,gallery/vegan-teal-ladybug-of-whirlwind.jpg,5108
328,gallery/mottled-melodic-shrimp-of-passion.jpg,3698
329,gallery/radiant-ibex-of-heavenly-examination.jpg,3581
330,gallery/amphibian-sly-pheasant-of-strength.jpg,3685
331,gallery/shiny-winged-viper-from-wonderland.jpg,3554
332,gallery/outrageous-cooperative-lionfish-of-vigor.jpg,3668
333,gallery/radical-grumpy-agouti-of-youth.jpg,3489
334,gallery/industrious-cordial-toucanet-of-fascination.jpg,5154
335,gallery/wealthy-analytic-saluki-of-enterprise.jpg,5256
336,gallery/brawny-gorgeous-ostrich-of-joy.jpg,3634
337,gallery/competent-glaring-sambar-of-genius.jpg,4966
338,gallery/translucent-neat-lobster-of-health.jpg,3508
339,gallery/elated-tactful-husky.jpg,3535
340,gallery/vegan-sparkling-dragonfly-of-performance.jpg,5330
341,gallery/new-brainy-wombat-of-relaxation.jpg,3474
342,gallery/stirring-origami-polecat-of-discussion.jpg,5043
343,gallery/bulky-curvy-inchworm-of-drizzle.jpg,3634
344,gallery/ingenious-cautious-cockle-of-intensity.jpg,5050
345,gallery/neon-thankful-bloodhound-of-tranquility.jpg,3518
346,gallery/discerning-tiger-of-authentic-lightning.jpg,5242
347,gallery/nippy-tacky-goshawk-of-upgrade.jpg,5184
348,gallery/crystal-garrulous-badger-of-swiftness.jpg,5020
349,gallery/real-eccentric-jackrabbit-of-bliss.jpg,3561
350,gallery/romantic-certain-rattlesnake-of-pleasure.jpg,3630
351,gallery/amphibian-khaki-mushroom-of-temperance.jpg,3696
352,gallery/tough-judicious-crow-of-force.jpg,5296
353,gallery/spirited-cordial-magpie-of-renovation.jpg,3579
354,gallery/jovial-crystal-aardwark-of-awe.jpg,3509
355,gallery/faithful-naughty-bull-of-criticism.jpg,3699
356,gallery/wealthy-attentive-bulldog-of-devotion.jpg,4978
357,gallery/stalwart-zircon-quokka-of-courtesy.jpg,5088
358,gallery/magnetic-chubby-reindeer-from-valhalla.jpg,5144
359,gallery/weightless-crazy-yak-of-vastness.jpg,5018
360,gallery/analytic-diligent-beaver-of-stamina.jpg,3515
361,gallery/brawny-godlike-prawn-of-speed.jpg,5352
362,gallery/functional-conscious-hummingbird-of-fertility.jpg,3586
363,gallery/flashy-premium-copperhead-of-radiance.jpg,4963
364,gallery/therapeutic-quartz-hamster-of-advance.jpg,3667
365,gallery/adventurous-orthodox-pig-of-sunshine.jpg,3466
366,gallery/real-cocky-chimpanzee-of-sunshine.jpg,5034
367,gallery/imaginary-wondrous-hyena-of-spirit.jpg,5055
368,gallery/accomplished-strict-copperhead-from-mars.jpg,53
369,gallery/ambrosial-alpaca-of-uncanny-valor.jpg,5210
370,gallery/jovial-macho-hamster-of-bliss.jpg,5070
371,gallery/hysterical-wakeful-aardwark-of-reading.jpg,5051
372,gallery/vigorous-upbeat-barracuda-of-strength.jpg,5019
373,gallery/diligent-cerulean-cat-of-stamina.jpg,5284
374,gallery/majestic-military-tarsier-of-purring.jpg,4991
375,gallery/industrious-quartz-zebra-of-novelty.jpg,11
376,gallery/unyielding-judicious-zebu-of-tempest.jpg,3705
377,gallery/hairy-shark-of-stereotyped-growth.jpg,3510
378,gallery/prehistoric-olive-honeybee-of-energy.jpg,3671
379,gallery/thankful-stylish-aardwark-of-elegance.jpg,5266
380,gallery/tricky-crystal-monkey-of-temperance.jpg,5084
381,gallery/ubiquitous-frisky-skua-of-acumen.jpg,5286
382,gallery/functional-mega-cricket-of-progress.jpg,8
383,gallery/funky-hissing-heron-of-coffee.jpg,3677
384,gallery/hopeful-aquamarine-shark-of-research.jpg,3483
385,gallery/fierce-stimulating-centipede-of-proficiency.jpg,57
386,gallery/manipulative-dramatic-skylark-of-imagination.jpg,3679
387,gallery/aboriginal-rational-kiwi-of-priority.jpg,5210
388,gallery/friendly-benevolent-stingray-of-chivalry.jpg,5102
389,gallery/vehement-marvellous-wolverine-of-inquire.jpg,5191
390,gallery/eminent-classy-zebra-of-merriment.jpg,5344
391,gallery/muscular-savvy-mamba-of-relaxation.jpg,5291
392,gallery/gainful-realistic-binturong-of-dignity.jpg,3694
393,gallery/puzzling-wisteria-kittiwake-of-cookies.jpg,3690
394,gallery/charming-belligerent-collie-of-poetry.jpg,5063
395,gallery/sassy-classic-seal-of-realization.jpg,5178
396,gallery/important-tremendous-stingray-of-emphasis.jpg,3653
397,gallery/lean-fat-macaque-of-chaos.jpg,3666
398,gallery/rustling-illustrious-whale-of-influence.jpg,3684
399,gallery/spicy-fresh-leopard-of-current.jpg,3664
400,gallery/meaty-wisteria-bittern-of-calibration.jpg,5040
401,gallery/wondrous-inventive-chital-of-focus.jpg,4971
402,gallery/glittering-attractive-crow-of-health.jpg,3470
403,gallery/invisible-vigorous-raven-of-drama.jpg,29
404,gallery/urban-competent-piculet-of-defiance.jpg,5350
405,gallery/amiable-scorpion-of-perfect-kindness.jpg,3521
406,gallery/ambrosial-cyan-ammonite-of-focus.jpg,3665
407,gallery/liberal-ruddy-oarfish-of-saturation.jpg,3691
408,gallery/righteous-loud-alligator-of-passion.jpg,5
409,gallery/jumping-spiffy-mushroom-of-fruition.jpg,5342
410,gallery/sophisticated-teal-of-eternal-variation.jpg,5137
411,gallery/accelerated-merciful-mongrel-of-exercise.jpg,3540
412,gallery/mindful-inventive-porcupine-of-music.jpg,5349
413,gallery/lemon-lynx-of-amazing-glamour.jpg,0
414,gallery/robust-celadon-agouti-of-enterprise.jpg,5230
415,gallery/utopian-fluorescent-mink-of-vitality.jpg,3489
416,gallery/competent-devious-perch-of-love.jpg,3637
417,gallery/solid-groovy-buffalo-of-spirit.jpg,4970
418,gallery/elated-incredible-taipan-from-ganymede.jpg,3618
419,gallery/tall-versatile-earwig-of-psychology.jpg,3483
420,gallery/enormous-daring-rooster-of-intensity.jpg,5009
421,gallery/stimulating-origami-chicken-of-excellence.jpg,3488
422,gallery/towering-unbiased-mussel-of-control.jpg,63
423,gallery/heavy-quixotic-moose-of-amplitude.jpg,5159
424,gallery/dark-kittiwake-of-imminent-chaos.jpg,5122
425,gallery/saffron-serval-of-inevitable-wonder.jpg,3540
426,gallery/imperial-gregarious-bullmastiff-of-prestige.jpg,3538
427,gallery/prudent-indigo-saluki-of-growth.jpg,55
428,gallery/steadfast-strict-gerbil-of-promotion.jpg,60
429,gallery/brainy-wondrous-bug-of-novelty.jpg,3546
430,gallery/scrupulous-violet-degu-of-temperance.jpg,3551
431,gallery/tireless-orca-of-optimal-shopping.jpg,3614
432,gallery/heavenly-mottled-inchworm-from-jupiter.jpg,5203
433,gallery/illegal-nocturnal-finch-of-enterprise.jpg,5349
434,gallery/sceptical-tourmaline-zebra-from-avalon.jpg,3498
435,gallery/bold-owl-of-inevitable-masquerade.jpg,3570
436,gallery/victorious-smooth-cuttlefish-of-radiance.jpg,5163
437,gallery/dramatic-industrious-firefly-of-opportunity.jpg,3673
438,gallery/meaty-secret-crane-of-enrichment.jpg,5294
439,gallery/qualified-spry-chital-of-opportunity.jpg,5074
440,gallery/imperial-cooperative-stallion-of-competition.jpg,3572
441,gallery/prophetic-nightingale-of-undeniable-peace.jpg,5321
442,gallery/friendly-discerning-smilodon-of-progress.jpg,5066
443,gallery/thundering-banana-dragonfly-of-attack.jpg,5303
444,gallery/gigantic-sapphire-copperhead-of-democracy.jpg,3677
445,gallery/amusing-sticky-dodo-from-neptune.jpg,5065
446,gallery/adorable-lilac-agama-of-calibration.jpg,5282
447,gallery/just-attractive-rhino-of-glory.jpg,5099
448,gallery/fluorescent-amigurumi-wolf-from-saturn.jpg,5302
449,gallery/divergent-nippy-pelican-of-discussion.jpg,3647
450,gallery/solid-ancient-koel-of-calibration.jpg,3478
451,gallery/fanatic-delectable-marmot-of-cookies.jpg,3587
452,gallery/excellent-eggplant-kittiwake-of-justice.jpg,0
453,gallery/fiery-amber-potoo-of-ampleness.jpg,3541
454,gallery/tiny-unnatural-quokka-of-poetry.jpg,3687
455,gallery/hidden-raptor-of-major-glee.jpg,3464
456,gallery/kickass-smart-swallow-of-psychology.jpg,3663
457,gallery/splendid-chocolate-reindeer-of-poetry.jpg,5014
458,gallery/uppish-rose-labradoodle-of-enrichment.jpg,3537
459,gallery/romantic-daffy-chihuahua-of-acceptance.jpg,5100
460,gallery/pretty-artichoke-mosquito-of-whirlwind.jpg,5215
461,gallery/dainty-masked-okapi-of-fertility.jpg,3519
462,gallery/brawny-enthusiastic-bobcat-of-excellence.jpg,3612
463,gallery/hungry-paper-locust-of-recreation.jpg,3469
464,gallery/lively-slick-agama-of-ampleness.jpg,5043
465,gallery/amazing-soft-fulmar-of-force.jpg,5165
466,gallery/ancient-rough-dogfish-of-priority.jpg,5131
467,gallery/smart-antique-sambar-of-advance.jpg,5204
468,gallery/hot-waxbill-of-sexy-artistry.jpg,5262
469,gallery/masked-olivine-spider-of-emphasis.jpg,3627
470,gallery/fat-platinum-mule-of-chivalry.jpg,5308
471,gallery/magic-wine-lemur-from-pluto.jpg,21
472,gallery/nice-divergent-muskrat-of-engineering.jpg,5237
473,gallery/resolute-energetic-malamute-of-holiness.jpg,5101
474,gallery/melodic-psychedelic-pelican-of-luck.jpg,5026
475,gallery/perfect-sloppy-aardwark-of-luck.jpg,52
476,gallery/adamant-belligerent-lionfish-of-popularity.jpg,17
477,gallery/beautiful-innocent-centipede-of-progress.jpg,3671
478,gallery/spiked-loose-tarantula-of-infinity.jpg,5209
479,gallery/loyal-paper-shark-of-warranty.jpg,3481
480,gallery/zippy-bulky-cicada-of-romance.jpg,5164
481,gallery/original-acrid-rattlesnake-of-coffee.jpg,65
482,gallery/dexterous-elated-starling-of-energy.jpg,5226
483,gallery/hissing-rapid-buffalo-of-holiness.jpg,3459
484,gallery/magic-micro-mamba-of-mastery.jpg,5340
485,gallery/gigantic-chachalaca-of-eminent-honor.jpg,3474
486,gallery/enormous-optimal-gerbil-from-nibiru.jpg,3540
487,gallery/optimal-astonishing-cockle-of-engineering.jpg,5027
488,gallery/augmented-loud-barracuda-of-faith.jpg,58
489,gallery/tremendous-famous-frigatebird-of-recreation.jpg,5084
490,gallery/tough-judicious-armadillo-of-bliss.jpg,3522
491,gallery/tomato-barracuda-of-satisfying-champagne.jpg,45
492,gallery/new-devout-antelope-of-attraction.jpg,5176
493,gallery/complex-magnificent-squid-of-glory.jpg,5009
494,gallery/purring-onyx-gecko-of-novelty.jpg,71
495,gallery/glossy-benign-beaver-of-culture.jpg,5255
496,gallery/flat-cautious-sambar-of-argument.jpg,54
497,gallery/loud-ingenious-agama-of-patience.jpg,4958
498,gallery/lumpy-quizzical-mustang-from-valhalla.jpg,5033
499,gallery/poetic-amazing-snail-of-adventure.jpg,5310
500,gallery/groovy-solemn-jellyfish-of-order.jpg,3637
501,gallery/curly-adder-of-wondrous-proficiency.jpg,3612
502,gallery/sassy-annoying-stoat-of-calibration.jpg,5301
503,gallery/laughing-grumpy-ermine-of-fertility.jpg,3625
504,gallery/righteous-radical-mussel-of-recreation.jpg,5021
505,gallery/dangerous-fortunate-platypus-of-merriment.jpg,5026
506,gallery/pompous-tourmaline-caiman-of-admiration.jpg,5208
507,gallery/debonair-malkoha-of-sublime-youth.jpg,5078
508,gallery/rousing-wondrous-wallaby-of-charisma.jpg,3550
509,gallery/ruby-mongrel-of-sheer-excitement.jpg,3484
510,gallery/ingenious-quick-beluga-of-enterprise.jpg,3468
511,gallery/rational-porcupine-of-silent-elevation.jpg,5268
512,gallery/shiny-chestnut-gaur-of-radiance.jpg,5180
513,gallery/savvy-pygmy-moose-of-serenity.jpg,3484
514,gallery/grumpy-translucent-heron-of-skill.jpg,18
515,gallery/splendid-pastel-warthog-of-elevation.jpg,46
516,gallery/solid-electric-angelfish-of-pluck.jpg,3538
517,gallery/congenial-capable-tuna-of-cookies.jpg,3613
518,gallery/astonishing-tireless-grebe-of-plenty.jpg,3555
519,gallery/judicious-evasive-deer-of-purring.jpg,5118
520,gallery/dynamic-tuscan-tortoise-of-correction.jpg,5270
521,gallery/wise-bloodhound-of-pleasurable-action.jpg,3574
522,gallery/neon-sincere-bloodhound-of-youth.jpg,5037
523,gallery/portable-loose-butterfly-of-resistance.jpg,5325
524,gallery/spiked-practical-termite-of-pleasure.jpg,5122
525,gallery/interesting-brass-rattlesnake-of-excellence.jpg,3575
526,gallery/brilliant-wine-curassow-of-luxury.jpg,3507
527,gallery/resolute-malachite-herring-of-lightning.jpg,3667
528,gallery/pragmatic-loutish-caiman-of-amplitude.jpg,43
529,gallery/satisfied-married-ara-of-revolution.jpg,3473
530,gallery/competent-taupe-tench-of-memory.jpg,5113
531,gallery/unnatural-eager-giraffe-of-wonder.jpg,3556
532,gallery/impossible-ochre-pogona-from-eldorado.jpg,5353
533,gallery/fantastic-dazzling-skua-of-perspective.jpg,3599
534,gallery/impossible-tough-manul-of-saturation.jpg,5136
535,gallery/fine-steady-hound-of-wind.jpg,5352
536,gallery/illustrious-smoky-tuna-from-valhalla.jpg,5201
537,gallery/fiery-camouflaged-kagu-of-snow.jpg,3500
538,gallery/robust-obedient-axolotl-of-temperance.jpg,3552
539,gallery/scrupulous-brainy-panther-of-infinity.jpg,5177
540,gallery/overjoyed-rapid-cockatoo-of-support.jpg,5316
541,gallery/valiant-kittiwake-of-rampant-efficiency.jpg,3691
542,gallery/unique-demonic-ringtail-of-elevation.jpg,5016
543,gallery/loyal-annoying-kangaroo-of-tempest.jpg,5129
544,gallery/pompous-gleaming-gazelle-of-reverence.jpg,5297
545,gallery/horned-tricky-deer-from-mars.jpg,5295
546,gallery/unselfish-masked-cockatoo-of-spirit.jpg,3699
547,gallery/meticulous-fat-goose-from-vega.jpg,3507
548,gallery/natural-smiling-mackerel-of-storm.jpg,4968
549,gallery/impressive-amber-penguin-of-felicity.jpg,3692
550,gallery/miniature-vehement-trogon-of-argument.jpg,5243
551,gallery/lurking-speedy-parakeet-of-luxury.jpg,5255
552,gallery/acrid-belligerent-mongrel-of-fantasy.jpg,3597
553,gallery/efficient-scrupulous-tuna-of-fortitude.jpg,3609
554,gallery/radical-demonic-mongrel-of-refinement.jpg,3669
555,gallery/dazzling-hypnotic-collie-of-enterprise.jpg,5027
556,gallery/sloppy-lilac-ape-of-performance.jpg,5278
557,gallery/hilarious-woodoo-markhor-from-pluto.jpg,13
558,gallery/screeching-industrious-aardwark-of-examination.jpg,5143
559,gallery/tireless-mini-butterfly-of-love.jpg,3514
560,gallery/deft-enlightened-goldfish-of-opposition.jpg,3590
561,gallery/rich-onyx-tuatara-from-betelgeuse.jpg,5250
562,gallery/splendid-gleaming-koel-of-health.jpg,5052
563,gallery/humongous-zealous-swine-from-lemuria.jpg,3518
564,gallery/pastel-dazzling-bandicoot-of-conversion.jpg,3529
565,gallery/acrid-prophetic-scallop-from-hell.jpg,3561
566,gallery/beautiful-daring-ape-of-certainty.jpg,5132
567,gallery/daft-calm-goldfish-of-music.jpg,3563
568,gallery/strange-condor-of-excellent-passion.jpg,69
569,gallery/nippy-remarkable-cheetah-of-completion.jpg,3700
570,gallery/skilled-magnetic-dormouse-of-engineering.jpg,3534
571,gallery/lively-tasteful-nautilus-of-expression.jpg,3543
572,gallery/meticulous-ancient-nyala-of-education.jpg,3674
573,gallery/massive-gleaming-civet-from-lemuria.jpg,3692
574,gallery/straight-robin-of-amazing-popularity.jpg,5144
575,gallery/quiet-zealous-mongrel-of-peace.jpg,4990
576,gallery/arboreal-defiant-reindeer-of-drama.jpg,4948
577,gallery/furry-sepia-booby-of-serenity.jpg,5025
578,gallery/camouflaged-mustang-of-fantastic-assurance.jpg,5038
579,gallery/vigilant-colorful-mosquito-of-discussion.jpg,4965
580,gallery/stoic-orthodox-gaur-from-camelot.jpg,5197
581,gallery/tacky-berserk-earwig-of-luxury.jpg,4969
582,gallery/nonchalant-tunneling-jellyfish-of-tranquility.jpg,5339
583,gallery/devout-maize-alpaca-of-drama.jpg,5034
584,gallery/perfect-precious-teal-of-weather.jpg,3488
585,gallery/versed-wildcat-of-demonic-speed.jpg,5024
586,gallery/notorious-octopus-of-pastoral-storm.jpg,5207
587,gallery/tricky-piculet-of-total-vigor.jpg,3544
588,gallery/giga-chameleon-of-authentic-glee.jpg,5169
589,gallery/vegan-nyala-of-nonconcrete-wholeness.jpg,5329
590,gallery/impossible-airborne-toad-of-romance.jpg,5141
591,gallery/silky-ultra-collie-of-romance.jpg,3463
592,gallery/logical-didactic-skylark-from-hyperborea.jpg,5006
593,gallery/astute-convivial-honeybee-of-glee.jpg,5232
594,gallery/pompous-enthusiastic-dolphin-of-hail.jpg,3684
595,gallery/omniscient-malamute-of-amusing-wealth.jpg,3692
596,gallery/airborne-steadfast-crab-of-superiority.jpg,5272
597,gallery/quaint-dangerous-flounder-of-cubism.jpg,5004
598,gallery/mighty-jasper-owl-of-resistance.jpg,3613
599,gallery/vegan-illustrious-waxbill-of-defiance.jpg,3687
600,gallery/sexy-jaguar-of-amazing-holiness.jpg,3633
601,gallery/calm-interesting-cobra-of-whirlwind.jpg,5073
602,gallery/invaluable-ruby-snake-of-persistence.jpg,5056
603,gallery/prophetic-cuscus-of-sheer-reward.jpg,3549
604,gallery/hopping-umber-fulmar-of-stamina.jpg,3676
605,gallery/amusing-antique-ibis-of-fury.jpg,5209
606,gallery/heavenly-impetuous-ermine-of-purring.jpg,3670
607,gallery/translucent-attentive-muskox-of-refinement.jpg,3537
608,gallery/stimulating-carrot-petrel-of-symmetry.jpg,5263
609,gallery/knowing-dancing-sturgeon-of-peace.jpg,5140
610,gallery/chirpy-enigmatic-falcon-of-tempest.jpg,3529
611,gallery/positive-elite-unicorn-of-opportunity.jpg,4982
612,gallery/impressive-sloppy-mole-of-temperance.jpg,75
613,gallery/obedient-stimulating-stallion-from-avalon.jpg,3704
614,gallery/fluorescent-clam-of-spectacular-greatness.jpg,5125
615,gallery/pretty-horned-wildebeest-of-drama.jpg,3645
616,gallery/silky-crafty-beagle-of-correction.jpg,3499
617,gallery/glistening-meticulous-mantis-of-revolution.jpg,5247
618,gallery/pretty-icy-chihuahua-of-persistence.jpg,5201
619,gallery/spectacular-prehistoric-bulldog-of-vigor.jpg,36
620,gallery/roaring-futuristic-narwhal-of-politeness.jpg,3529
621,gallery/liberal-thistle-corgi-of-reading.jpg,7
622,gallery/aromatic-stimulating-bird-of-expression.jpg,3617
623,gallery/hopping-hungry-weasel-of-improvement.jpg,5201
624,gallery/silky-diligent-snake-from-asgard.jpg,5231
625,gallery/intelligent-shiny-snail-of-adventure.jpg,3469
626,gallery/adaptable-striped-dugong-of-virtuosity.jpg,3596
627,gallery/lyrical-puzzling-dingo-from-sirius.jpg,61
628,gallery/just-translucent-wolf-of-glamour.jpg,3588
629,gallery/whimsical-ostrich-of-extreme-shopping.jpg,5302
630,gallery/delightful-gray-stork-of-merriment.jpg,5274
631,gallery/hysterical-refreshing-bandicoot-of-election.jpg,1
632,gallery/slim-myrtle-uakari-of-infinity.jpg,3594
633,gallery/daffy-flying-nuthatch-of-diversity.jpg,6
634,gallery/jolly-mauve-bullmastiff-of-unity.jpg,5030
635,gallery/scrupulous-brawny-bison-of-enthusiasm.jpg,4978
636,gallery/loud-diamond-ermine-of-experiment.jpg,3604
637,gallery/rousing-singing-pheasant-of-efficiency.jpg,45
638,gallery/enchanted-acoustic-jerboa-of-debate.jpg,3681
639,gallery/augmented-peculiar-butterfly-of-potency.jpg,4955
640,gallery/impressive-malachite-spoonbill-of-influence.jpg,4967
641,gallery/active-flat-dragon-of-agreement.jpg,3603
642,gallery/caped-topaz-caiman-of-experience.jpg,5126
643,gallery/mighty-straight-dragon-of-improvement.jpg,5273
644,gallery/hospitable-judicious-chital-of-painting.jpg,40
645,gallery/vague-persimmon-sawfly-of-witchcraft.jpg,3628
646,gallery/massive-warping-guan-of-luxury.jpg,5115
647,gallery/nonchalant-calm-camel-of-diversity.jpg,3472
648,gallery/tough-merciful-squirrel-of-health.jpg,3597
649,gallery/jovial-aquamarine-ferret-of-popularity.jpg,3641
650,gallery/intrepid-aloof-horse-of-endurance.jpg,48
651,gallery/judicious-seahorse-of-interesting-courtesy.jpg,5060
652,gallery/sophisticated-poetic-chinchilla-of-felicity.jpg,3562
653,gallery/functional-wisteria-grasshopper-of-spirit.jpg,3601
654,gallery/caped-precious-ibex-of-fury.jpg,4949
655,gallery/dexterous-rich-swift-of-courtesy.jpg,3704
656,gallery/gregarious-artichoke-locust-of-management.jpg,5153
657,gallery/industrious-utopian-wallaby-of-exercise.jpg,3670
658,gallery/big-chubby-bulldog-of-completion.jpg,5291
659,gallery/dashing-ape-of-amusing-serenity.jpg,5243
660,gallery/sassy-polecat-of-stimulating-courage.jpg,4999
661,gallery/naughty-garrulous-spider-of-wind.jpg,5072
662,gallery/splendid-rebel-hog-of-elevation.jpg,37
663,gallery/infrared-baboon-of-imminent-tornado.jpg,60
664,gallery/hospitable-delectable-buffalo-of-refinement.jpg,56
665,gallery/victorious-paper-skylark-of-pride.jpg,5282
666,gallery/spry-amaranth-ant-from-heaven.jpg,5345
667,gallery/lyrical-mini-python-of-tenacity.jpg,3679
668,gallery/spiked-exotic-malamute-of-wind.jpg,5036
669,gallery/whimsical-ochre-chupacabra-of-strength.jpg,3638
670,gallery/speedy-serious-peccary-of-aptitude.jpg,5226
671,gallery/caped-lyrical-oriole-of-abracadabra.jpg,3565
672,gallery/graceful-masked-bandicoot-from-betelgeuse.jpg,3570
673,gallery/interesting-loud-rottweiler-of-certainty.jpg,5133
674,gallery/conscious-lavender-hyena-of-virtuosity.jpg,3626
675,gallery/fat-elastic-hummingbird-of-endurance.jpg,5125
676,gallery/modest-proud-ant-of-triumph.jpg,5217
677,gallery/grinning-sly-meerkat-of-pluck.jpg,3635
678,gallery/blazing-thundering-beagle-of-virtuosity.jpg,49
679,gallery/screeching-maize-rottweiler-of-feminism.jpg,4973
680,gallery/famous-crayfish-of-terrific-brotherhood.jpg,5157
681,gallery/fat-olive-bug-from-heaven.jpg,5266
682,gallery/true-rough-stallion-of-trust.jpg,5267
683,gallery/demonic-cyan-tiger-of-will.jpg,5197
684,gallery/fascinating-amigurumi-malamute-of-weather.jpg,5039
685,gallery/arboreal-striped-jaguarundi-from-jupiter.jpg,5223
686,gallery/fluorescent-complex-unicorn-of-diversity.jpg,8
687,gallery/fiery-oriole-of-fascinating-holiness.jpg,3592
688,gallery/married-steadfast-groundhog-of-agreement.jpg,3694
689,gallery/curvy-eminent-bug-of-science.jpg,3523
690,gallery/valiant-maroon-ringtail-of-gallantry.jpg,5096
691,gallery/shaggy-basilisk-of-wonderful-reputation.jpg,50
692,gallery/hypersonic-hospitable-macaw-of-reputation.jpg,5210
693,gallery/alluring-sociable-jaguar-from-hell.jpg,3595
694,gallery/resolute-merciful-wolf-of-memory.jpg,5215
695,gallery/thick-vigorous-macaw-of-awe.jpg,3678
696,gallery/robust-feathered-skua-from-saturn.jpg,5300
697,gallery/incredible-strange-cormorant-of-wind.jpg,5044
698,gallery/light-fluorescent-prawn-of-anger.jpg,4958
699,gallery/talented-friendly-ocelot-of-glee.jpg,5103
700,gallery/hilarious-lush-macaque-of-triumph.jpg,3679
701,gallery/benign-zircon-wapiti-of-fortitude.jpg,5036
702,gallery/shrewd-black-dragon-of-admiration.jpg,3695
703,gallery/festive-grinning-lion-of-holiness.jpg,5189
704,gallery/kind-opalescent-lion-of-adventure.jpg,5008
705,gallery/gifted-bulky-rat-of-speed.jpg,5297
706,gallery/laughing-primitive-gazelle-of-felicity.jpg,3609
707,gallery/resolute-nimble-chimpanzee-of-control.jpg,3632
708,gallery/adept-resourceful-antelope-of-serendipity.jpg,5067
709,gallery/uptight-spiked-hedgehog-of-teaching.jpg,3607
710,gallery/resilient-peach-lori-of-amplitude.jpg,3594
711,gallery/meticulous-unyielding-partridge-of-completion.jpg,25
712,gallery/tentacled-cooperative-dormouse-of-opportunity.jpg,3516
713,gallery/bipedal-magnificent-baboon-of-finesse.jpg,5103
714,gallery/magnificent-quartz-quoll-of-correction.jpg,3465
715,gallery/fluffy-light-lynx-of-advertising.jpg,5221
716,gallery/arcane-incredible-squirrel-of-bloom.jpg,3631
717,gallery/gleaming-amphibian-degu-of-mastery.jpg,5006
718,gallery/fantastic-functional-beluga-of-argument.jpg,5286
719,gallery/nebulous-impetuous-serval-of-happiness.jpg,3582
720,gallery/ruddy-stereotyped-bittern-of-tolerance.jpg,3588
721,gallery/mutant-boa-of-optimal-art.jpg,3610
722,gallery/violet-kittiwake-of-beautiful-certainty.jpg,3487
723,gallery/opalescent-smiling-mayfly-of-love.jpg,3548
724,gallery/sexy-fearless-lynx-of-brotherhood.jpg,5283
725,gallery/pretty-sparkling-toucanet-of-recreation.jpg,3616
726,gallery/humongous-amber-finch-of-fantasy.jpg,3501
727,gallery/nostalgic-cryptic-narwhal-of-sufficiency.jpg,5020
728,gallery/bright-ibis-of-unexpected-elegance.jpg,4971
729,gallery/quantum-aspiring-doberman-of-promise.jpg,3627
730,gallery/stirring-antique-nuthatch-of-authority.jpg,5152
731,gallery/debonair-shellfish-of-stimulating-sympathy.jpg,5169
732,gallery/versed-authentic-koala-of-cleaning.jpg,5137
733,gallery/wealthy-falcon-of-interesting-beauty.jpg,3623
734,gallery/unselfish-soft-wildebeest-of-pleasure.jpg,1
735,gallery/tentacled-impartial-jacamar-of-fragrance.jpg,5106
736,gallery/berserk-vengeful-raccoon-of-finesse.jpg,5213
737,gallery/tentacled-muscular-chupacabra-of-fantasy.jpg,5246
738,gallery/colorful-waxbill-of-terrific-kindness.jpg,5319
739,gallery/nostalgic-super-locust-of-warranty.jpg,3672
740,gallery/bronze-beagle-of-exotic-cookies.jpg,3527
741,gallery/massive-gorgeous-clam-of-assurance.jpg,5221
742,gallery/cyber-chamois-of-stimulating-conversion.jpg,5205
743,gallery/outrageous-tungsten-quokka-of-improvement.jpg,5068
744,gallery/accurate-hypersonic-clam-of-philosophy.jpg,3678
745,gallery/orthodox-encouraging-tamarin-of-fantasy.jpg,77
746,gallery/deft-archetypal-potoo-of-tranquility.jpg,5136
747,gallery/whispering-vermilion-ant-of-mastery.jpg,5138
748,gallery/auspicious-lyrebird-of-unknown-flowers.jpg,5099
749,gallery/exotic-devout-cougar-of-camouflage.jpg,3539
750,gallery/tireless-abiding-crayfish-of-abracadabra.jpg,5271
751,gallery/magnificent-sophisticated-jackrabbit-of-promotion.jpg,5060
752,gallery/accomplished-meaty-ladybug-from-hell.jpg,5025
753,gallery/prophetic-rebel-rabbit-of-culture.jpg,59
754,gallery/fierce-peculiar-butterfly-of-artistry.jpg,3562
755,gallery/attractive-prophetic-macaque-of-courtesy.jpg,5180
756,gallery/antique-sly-avocet-of-completion.jpg,4993
757,gallery/smooth-lean-pogona-of-promotion.jpg,5101
758,gallery/godlike-awesome-manul-of-enhancement.jpg,4978
759,gallery/hungry-witty-cuscus-of-tornado.jpg,57
760,gallery/electric-enchanted-scallop.jpg,5303
761,gallery/sparkling-vagabond-barracuda-of-energy.jpg,5204
762,gallery/prompt-courageous-smilodon-of-correction.jpg,3630
763,gallery/fiery-aboriginal-hog-from-neptune.jpg,3535
764,gallery/soft-stylish-cobra-of-drama.jpg,3578
765,gallery/knowing-skilled-muskrat-of-perfection.jpg,3489
766,gallery/deft-discreet-lionfish-of-climate.jpg,5163
767,gallery/jumping-flat-vole-from-wonderland.jpg,5225
768,gallery/tactful-exotic-lizard-from-camelot.jpg,5013
769,gallery/intrepid-shrew-of-unreal-lightning.jpg,5174
770,gallery/majestic-ultraviolet-capybara-of-whirlwind.jpg,4985
771,gallery/perfect-sassy-dragon-of-reward.jpg,5098
772,gallery/nebulous-quiet-partridge-of-blizzard.jpg,3606
773,gallery/gifted-dexterous-rottweiler-of-karma.jpg,3553
774,gallery/shrewd-clay-okapi-of-conversion.jpg,3615
775,gallery/determined-ultraviolet-camel-of-ampleness.jpg,3702
776,gallery/nimble-diamond-gerbil-of-lightning.jpg,5309
777,gallery/feathered-elastic-swallow-of-beauty.jpg,3683
778,gallery/tangible-ethereal-dachshund-of-protection.jpg,3610
779,gallery/unyielding-satisfied-potoo-of-sorcery.jpg,5294
780,gallery/true-hissing-otter-of-elevation.jpg,47
781,gallery/fascinating-romantic-butterfly-of-tempest.jpg,3553
782,gallery/tiny-feathered-wolverine-of-ecstasy.jpg,5223
783,gallery/manipulative-rousing-mantis-of-acumen.jpg,5011
784,gallery/meteoric-glorious-caracara-of-wind.jpg,5343
785,gallery/majestic-literate-butterfly-of-inquire.jpg,3468
786,gallery/witty-silver-mole-of-courtesy.jpg,62
787,gallery/vegan-emerald-chachalaca-of-reward.jpg,3701
788,gallery/adaptable-sepia-dragon-of-love.jpg,5038
789,gallery/pompous-hairy-oriole-of-popularity.jpg,5320
790,gallery/sassy-calculating-capuchin-of-modernism.jpg,16
791,gallery/determined-feral-dog-of-joy.jpg,38
792,gallery/large-defiant-dogfish-of-honor.jpg,3526
793,gallery/acrid-myrtle-tuatara-of-joy.jpg,5018
794,gallery/loyal-true-sheep-of-eternity.jpg,5308
795,gallery/lumpy-hysterical-mushroom-of-awe.jpg,5225
796,gallery/qualified-gopher-of-simple-fertility.jpg,4966
797,gallery/humongous-statuesque-hare-from-hyperborea.jpg,3688
798,gallery/tidy-lobster-of-fascinating-science.jpg,3560
799,gallery/benign-ludicrous-aardwark-of-karma.jpg,3482
800,gallery/zippy-boa-of-major-aptitude.jpg,5322
801,gallery/calculating-crouching-ammonite-of-foundation.jpg,3485
802,gallery/hypersonic-flawless-ibis-from-ganymede.jpg,3686
803,gallery/tangible-mayfly-of-impossible-love.jpg,5087
804,gallery/rugged-talented-chinchilla-of-correction.jpg,5185
805,gallery/notorious-heretic-cockle-of-intensity.jpg,4994
806,gallery/prophetic-solid-aardwark-of-courage.jpg,2
807,gallery/mottled-papaya-beluga-of-endurance.jpg,3534
808,gallery/sticky-solemn-kangaroo-of-sympathy.jpg,3590
809,gallery/tireless-military-serval-of-climate.jpg,5279
810,gallery/pistachio-bullfrog-of-inescapable-champagne.jpg,64
811,gallery/visionary-collie-of-undeniable-prosperity.jpg,3524
812,gallery/burrowing-sepia-chinchilla-of-coffee.jpg,66
813,gallery/hallowed-pink-beetle-of-reverence.jpg,5140
814,gallery/prompt-foamy-gibbon-from-atlantis.jpg,5167
815,gallery/lively-eccentric-tuna-of-intensity.jpg,5295
816,gallery/turquoise-salmon-of-fortunate-engineering.jpg,3611
817,gallery/thankful-groovy-deer-of-tact.jpg,5262
818,gallery/blazing-bonobo-of-pleasurable-defense.jpg,5152
819,gallery/sensible-greedy-marmoset-of-amplitude.jpg,61
820,gallery/bipedal-radical-honeybee-from-sirius.jpg,3468
821,gallery/elated-ingenious-sturgeon-of-blizzard.jpg,3659
822,gallery/innocent-cobra-of-fantastic-respect.jpg,5253
823,gallery/divergent-logical-gazelle-of-fruition.jpg,33
824,gallery/hasty-precious-chimpanzee-of-courage.jpg,3644
825,gallery/impartial-enthusiastic-jerboa-of-bloom.jpg,5130
826,gallery/acrid-horned-peacock-of-current.jpg,5094
827,gallery/adorable-kestrel-of-phenomenal-relaxation.jpg,5012
828,gallery/nippy-lilac-sawfly-of-justice.jpg,5227
829,gallery/diligent-raptor-of-unexpected-exercise.jpg,1
830,gallery/misty-golden-mongrel-of-hail.jpg,5186
831,gallery/gregarious-translucent-puffin-of-acceptance.jpg,3693
832,gallery/monumental-silky-sunfish-of-competition.jpg,3664
833,gallery/phenomenal-ambrosial-woodpecker-of-plenty.jpg,3582
834,gallery/vigilant-discerning-collie-of-politeness.jpg,3599
835,gallery/beautiful-beige-nightingale-of-gaiety.jpg,3619
836,gallery/augmented-delightful-capuchin-of-infinity.jpg,3513
837,gallery/innocent-perfect-bear-of-camouflage.jpg,5082
838,gallery/rousing-alluring-gerbil-of-vigor.jpg,3495
839,gallery/resolute-macho-bee-of-improvement.jpg,3476
840,gallery/conscious-tireless-adder-of-proficiency.jpg,3543
841,gallery/aspiring-cunning-shark-of-democracy.jpg,3627
842,gallery/psychedelic-axolotl-of-nonstop-tornado.jpg,3461
843,gallery/resourceful-honest-pegasus-of-karma.jpg,3602
844,gallery/spiffy-fresh-stallion-of-penetration.jpg,5351
845,gallery/uptight-groundhog-of-striking-sunshine.jpg,5269
846,gallery/jovial-elite-chowchow-from-betelgeuse.jpg,63
847,gallery/brilliant-burrowing-mink-of-sufficiency.jpg,5160
848,gallery/muscular-vigorous-stork-of-stamina.jpg,5168
849,gallery/tricky-rose-firefly-of-education.jpg,5232
850,gallery/nickel-baboon-of-premium-support.jpg,5255
851,gallery/whimsical-observant-elk-of-joviality.jpg,5059
852,gallery/resourceful-quail-of-unreal-shopping.jpg,3525
853,gallery/gleaming-icy-cheetah-of-philosophy.jpg,5134
854,gallery/imperial-ninja-rook-of-aptitude.jpg,3532
855,gallery/humongous-curvy-condor-of-rain.jpg,3477
856,gallery/mauve-bird-of-infinite-merriment.jpg,5087
857,gallery/furry-thistle-hare.jpg,3557
858,gallery/dramatic-woodlouse-of-rampant-gallantry.jpg,3520
859,gallery/eminent-augmented-macaw-of-development.jpg,3531
860,gallery/petite-khaki-peccary-of-recreation.jpg,3511
861,gallery/armored-offbeat-piculet-of-aptitude.jpg,5014
862,gallery/encouraging-aboriginal-bonobo-of-pluck.jpg,3516
863,gallery/classy-cockle-of-massive-diversity.jpg,5249
864,gallery/invisible-clever-wapiti-of-speed.jpg,5189
865,gallery/impartial-peccary-of-amusing-lightning.jpg,4949
866,gallery/noisy-friendly-leopard-of-order.jpg,3676
867,gallery/massive-lemon-jaybird-of-merriment.jpg,5094
868,gallery/sloppy-maize-lyrebird-of-experience.jpg,5213
869,gallery/impetuous-indigo-capuchin-of-brotherhood.jpg,5042
870,gallery/fortunate-fiery-locust-of-luck.jpg,5043
871,gallery/ruddy-muscular-peccary-from-jupiter.jpg,5143
872,gallery/refined-omniscient-manatee-of-promise.jpg,5101
873,gallery/competent-tough-smilodon-of-progress.jpg,5016
874,gallery/gay-golden-caiman-of-recreation.jpg,3687
875,gallery/snobbish-quick-whippet-of-storm.jpg,3692
876,gallery/aspiring-silky-sponge-of-masquerade.jpg,5116
877,gallery/juicy-smart-bonobo-of-unity.jpg,3693
878,gallery/screeching-fascinating-peccary-from-arcadia.jpg,34
879,gallery/rare-able-magpie-of-typhoon.jpg,3639
880,gallery/literate-cautious-pudu-of-honeydew.jpg,5154
881,gallery/rousing-sensible-eagle-of-protection.jpg,3605
882,gallery/provocative-precise-vicugna-of-abracadabra.jpg,5241
883,gallery/loyal-shapeless-sidewinder-of-love.jpg,5339
884,gallery/venomous-tourmaline-turaco-from-heaven.jpg,5328
885,gallery/woodoo-aquamarine-boar-of-perception.jpg,5074
886,gallery/eager-micro-jaybird-of-symmetry.jpg,4996
887,gallery/bipedal-dashing-shrimp-of-patience.jpg,5151
888,gallery/brawny-pearl-coucal-of-pluck.jpg,3653
889,gallery/practical-nippy-booby-of-wizardry.jpg,3684
890,gallery/holistic-gorgeous-condor-of-purring.jpg,5010
891,gallery/alluring-viridian-condor-of-apotheosis.jpg,3571
892,gallery/majestic-steady-puffin-from-eldorado.jpg,5217
893,gallery/tiny-smoky-horse-of-persistence.jpg,3620
894,gallery/warping-pastoral-newt-of-refinement.jpg,3674
895,gallery/piquant-steady-leech-of-might.jpg,5145
896,gallery/resolute-bandicoot-of-undeniable-competence.jpg,3517
897,gallery/tangible-competent-parakeet-of-honeydew.jpg,5073
898,gallery/wandering-skinny-earwig-of-potency.jpg,4949
899,gallery/messy-athletic-toad-of-bloom.jpg,5153
900,gallery/poised-zebra-of-eternal-whirlwind.jpg,3
901,gallery/devout-monumental-rooster-of-peace.jpg,5273
902,gallery/industrious-fierce-terrier-of-strength.jpg,5336
903,gallery/tiny-adventurous-marten-of-strength.jpg,5007
904,gallery/solemn-cuddly-armadillo-of-resistance.jpg,3503
905,gallery/mysterious-splendid-ocelot-of-health.jpg,20
906,gallery/statuesque-mahogany-herring-from-tartarus.jpg,3675
907,gallery/talented-jasper-axolotl-of-tornado.jpg,3652
908,gallery/benevolent-loud-giraffe-of-education.jpg,5155
909,gallery/stalwart-husky-of-unusual-tenacity.jpg,5284
910,gallery/classic-furry-chital-of-apotheosis.jpg,3658
911,gallery/roaring-spirited-owl-of-ecstasy.jpg,39
912,gallery/astonishing-lyrical-grebe-of-youth.jpg,67
913,gallery/positive-smart-bee-of-aptitude.jpg,5254
914,gallery/ruddy-loon-of-unusual-culture.jpg,3646
915,gallery/wondrous-refined-whale-of-action.jpg,3661
916,gallery/feathered-muscular-scorpion.jpg,5290
917,gallery/authentic-auburn-marmoset-of-maturity.jpg,3463
918,gallery/sincere-airborne-chachalaca-of-valor.jpg,3705
919,gallery/zippy-idealistic-fennec-of-science.jpg,5085
920,gallery/fierce-curious-angelfish-of-adventure.jpg,5166
921,gallery/sceptical-attractive-deer-of-control.jpg,4968
922,gallery/flawless-rainbow-tanuki-of-chaos.jpg,5310
923,gallery/merry-independent-alpaca-of-democracy.jpg,5081
924,gallery/versed-sophisticated-falcon-of-exercise.jpg,31
925,gallery/vegan-glittering-angelfish-from-atlantis.jpg,5040
926,gallery/fascinating-nano-swift-from-avalon.jpg,3591
927,gallery/gentle-glistening-inchworm-from-vega.jpg,3651
928,gallery/skinny-brass-unicorn-from-betelgeuse.jpg,11
929,gallery/weightless-meticulous-swine-of-downpour.jpg,3622
930,gallery/mellow-koala-of-stereotyped-essence.jpg,5178
931,gallery/quantum-nimble-spaniel-of-champagne.jpg,3700
932,gallery/massive-righteous-manatee-of-conversion.jpg,5102
933,gallery/free-sloppy-mosquito-from-arcadia.jpg,3681
934,gallery/curly-wonderful-rooster-of-promise.jpg,3584
935,gallery/electric-purple-jerboa-of-cubism.jpg,3669
936,gallery/belligerent-horse-of-simple-abracadabra.jpg,3528
937,gallery/precious-gleaming-bullmastiff-of-satiation.jpg,4989
938,gallery/honest-stalwart-oxpecker-of-apotheosis.jpg,5077
939,gallery/uncovered-nonchalant-mongoose-of-memory.jpg,3532
940,gallery/crafty-orange-goose-of-music.jpg,5073
941,gallery/jasmine-bull-of-amazing-aptitude.jpg,3573
942,gallery/kind-tacky-panda-of-cleaning.jpg,5256
943,gallery/exuberant-jade-turtle-of-thunder.jpg,5234
944,gallery/astonishing-precise-flounder-of-justice.jpg,5337
945,gallery/brainy-ape-of-famous-mastery.jpg,3643
946,gallery/colorful-mutant-boobook-of-popularity.jpg,9
947,gallery/handsome-malachite-mongoose-of-hurricane.jpg,5067
948,gallery/passionate-encouraging-ocelot-of-fortitude.jpg,9
949,gallery/expert-elated-caterpillar-of-influence.jpg,3506
950,gallery/placid-industrious-nautilus-of-agility.jpg,3649
951,gallery/honest-gharial-of-radical-domination.jpg,5295
952,gallery/satisfied-proficient-terrier-of-dew.jpg,49
953,gallery/sturdy-coral-jackal-of-aurora.jpg,3472
954,gallery/busy-remarkable-malkoha-of-jest.jpg,3532
955,gallery/warping-friendly-salmon-of-correction.jpg,3495
956,gallery/illustrious-ubiquitous-macaw-from-hell.jpg,3460
957,gallery/uncovered-interesting-reindeer-of-growth.jpg,5096
958,gallery/devout-white-smilodon.jpg,5247
959,gallery/heavy-therapeutic-corgi-from-shambhala.jpg,5143
960,gallery/electric-bright-trout-of-elevation.jpg,3647
961,gallery/delicate-industrious-dugong-of-kindness.jpg,5056
962,gallery/honest-golden-slug-of-satiation.jpg,5292
963,gallery/muscular-screeching-jerboa-of-opportunity.jpg,3479
964,gallery/encouraging-original-beetle-of-engineering.jpg,3548
965,gallery/striped-eggplant-unicorn-of-fragrance.jpg,5165
966,gallery/natural-grinning-bulldog-of-vastness.jpg,3672
967,gallery/brilliant-original-impala-of-reputation.jpg,5024
968,gallery/finicky-strange-macaw-of-warranty.jpg,3604
969,gallery/orthodox-wine-caterpillar-of-completion.jpg,5167
970,gallery/invaluable-macaw-of-hypothetical-infinity.jpg,3609
971,gallery/jolly-energetic-worm-of-acumen.jpg,3577
972,gallery/arrogant-obedient-platypus-of-discussion.jpg,5347
973,gallery/antique-xanthic-snake-from-valhalla.jpg,3564
974,gallery/economic-quixotic-cougar-of-fruition.jpg,3676
975,gallery/sophisticated-fine-manul-of-renovation.jpg,5075
976,gallery/fascinating-ultra-lion-of-attack.jpg,3650
977,gallery/spectral-witty-earwig-of-anger.jpg,3490
978,gallery/stalwart-convivial-foxhound-of-serenity.jpg,3670
979,gallery/outrageous-innocent-pheasant-of-effort.jpg,3615
980,gallery/provocative-flashy-spaniel-of-research.jpg,3666
981,gallery/secret-clay-gazelle-of-bliss.jpg,3538
982,gallery/grinning-lori-of-terrific-storm.jpg,3496
983,gallery/smart-unnatural-parakeet-of-painting.jpg,5092
984,gallery/frisky-carmine-horse-of-strength.jpg,3680
985,gallery/magic-savvy-barnacle-of-promotion.jpg,3656
986,gallery/acrid-optimal-mule-of-unity.jpg,73
987,gallery/merciful-meticulous-muskrat-of-foundation.jpg,4960
988,gallery/nocturnal-venomous-leopard-of-charisma.jpg,4978
989,gallery/faithful-righteous-wrasse-of-action.jpg,3593
990,gallery/active-almond-mastodon-of-democracy.jpg,3486
991,gallery/poised-notorious-tuatara-of-pleasure.jpg,3648
992,gallery/funky-rare-dormouse-of-recreation.jpg,5017
993,gallery/aboriginal-maroon-flamingo-of-criticism.jpg,4964
994,gallery/resolute-abstract-orangutan-of-enthusiasm.jpg,3558
995,gallery/dramatic-poetic-koala-of-storm.jpg,44
996,gallery/calculating-invisible-hawk-of-sympathy.jpg,51
997,gallery/loutish-funny-tody-of-glee.jpg,5329
998,gallery/robust-tanuki-of-stereotyped-karma.jpg,3677
999,gallery/thankful-prompt-ringtail-of-saturation.jpg,3494
1000,gallery/fantastic-boisterous-warthog-of-performance.jpg,3595
1001,gallery/boisterous-quiet-snake-of-blizzard.jpg,3541
1002,gallery/intrepid-lavender-magpie-from-arcadia.jpg,5046
1003,gallery/wondrous-unnatural-guan-of-sorcery.jpg,39
1004,gallery/evasive-whippet-of-absolute-flowers.jpg,5179
1005,gallery/upbeat-brass-worm-of-hurricane.jpg,5336
1006,gallery/flashy-cunning-gaur-of-promise.jpg,70
1007,gallery/elegant-happy-oarfish-of-expression.jpg,10
1008,gallery/belligerent-quirky-jackal-of-security.jpg,5269
1009,gallery/shrewd-sloppy-jaguarundi-of-excellence.jpg,3458
1010,gallery/true-industrious-newt-of-brotherhood.jpg,5253
1011,gallery/manipulative-attractive-bee-of-control.jpg,5091
1012,gallery/courageous-tody-of-strongest-action.jpg,65
1013,gallery/perfect-mule-of-fortunate-improvement.jpg,5008
1014,gallery/massive-hot-bettong-of-cleaning.jpg,5176
1015,gallery/inventive-nifty-swallow-of-kindness.jpg,5278
1016,gallery/crazy-analytic-pug-of-devotion.jpg,3532
1017,gallery/fearless-belligerent-wren-of-opportunity.jpg,3525
1018,gallery/psychedelic-teal-partridge-from-neptune.jpg,5224
1019,gallery/auspicious-tested-labrador-of-feminism.jpg,32
1020,gallery/classy-meticulous-otter-of-fortitude.jpg,3655
1021,gallery/strange-competent-chupacabra-of-joviality.jpg,3701
1022,gallery/vagabond-sturdy-pudu-of-potency.jpg,40
1023,gallery/important-lovely-flamingo-of-pizza.jpg,5338
1024,gallery/vigorous-chachalaca-of-serious-music.jpg,3665
1025,gallery/abstract-maize-cuscus-of-growth.jpg,3703
1026,gallery/gabby-denim-boa-of-eternity.jpg,3471
1027,gallery/slim-ruby-parakeet-of-tact.jpg,3587
1028,gallery/fearless-truthful-tench-from-lemuria.jpg,3629
1029,gallery/annoying-ringtail-of-delightful-enhancement.jpg,5139
1030,gallery/serious-rousing-wombat-of-foundation.jpg,3580
1031,gallery/ebony-potoo-of-stimulating-certainty.jpg,5051
1032,gallery/magic-aloof-stallion-of-fortitude.jpg,3549
1033,gallery/calm-aquatic-bullmastiff-of-typhoon.jpg,5197
1034,gallery/congenial-amusing-hummingbird-of-promise.jpg,3585
1035,gallery/pretty-honored-elk-of-endurance.jpg,3475
1036,gallery/economic-penguin-of-sexy-admiration.jpg,3637
1037,gallery/diligent-fearless-buzzard-of-kindness.jpg,3501
1038,gallery/majestic-fluffy-gaur-of-criticism.jpg,5258
1039,gallery/intelligent-fuzzy-kestrel-from-arcadia.jpg,3576
1040,gallery/refined-mutant-falcon-of-brotherhood.jpg,3608
1041,gallery/slim-polar-mustang-of-mastery.jpg,23
1042,gallery/spiffy-giga-pogona-of-management.jpg,3502
1043,gallery/hysterical-wondrous-caracara-of-domination.jpg,5338
1044,gallery/robust-illustrious-tody-of-enterprise.jpg,5242
1045,gallery/economic-piquant-booby-of-proficiency.jpg,5142
1046,gallery/stirring-arrogant-cockatoo-from-valhalla.jpg,1
1047,gallery/invisible-almond-cat-of-novelty.jpg,4965
1048,gallery/spiked-tough-jackal-of-fragrance.jpg,5001
1049,gallery/beautiful-gray-bandicoot.jpg,3616
1050,gallery/fragrant-falcon-of-ultimate-fortitude.jpg,5052
1051,gallery/arrogant-viridian-unicorn-of-joviality.jpg,3674
1052,gallery/exotic-garnet-marmot-of-conversion.jpg,5218
1053,gallery/poetic-exotic-nightingale-of-finesse.jpg,3650
1054,gallery/frisky-honored-porpoise-of-culture.jpg,5330
1055,gallery/tentacled-amaranth-tench-of-correction.jpg,77
1056,gallery/bright-wondrous-ant-of-glory.jpg,55
1057,gallery/laughing-green-bee-of-tranquility.jpg,3645
1058,gallery/imported-venomous-guan-of-realization.jpg,67
1059,gallery/large-cute-cricket-of-drizzle.jpg,3631
1060,gallery/handsome-curious-caribou-of-assurance.jpg,5227
1061,gallery/large-papaya-boa-of-camouflage.jpg,4980
1062,gallery/quartz-aardwark-of-silent-strength.jpg,5166
1063,gallery/clever-armored-swine-of-vitality.jpg,5297
1064,gallery/psychedelic-nonchalant-clam-from-jupiter.jpg,5202
1065,gallery/acrid-vivacious-skink-of-happiness.jpg,3574
1066,gallery/electric-pink-chicken-of-tolerance.jpg,5270
